"S.NO.","English","Spanish"
1,"SeeYouAll","SeeYouAll"
2,"Events","Eventos"
3,"Hello world!","¡Hola!"
4,"Settings","Configuración"
5,"Register","Registrarse"
6,"com.seeyouall","com.seeyouall"
7,"No result found","No se han encontrado resultados"
8,"Update","Actualizar"
9,"Network not available, Please try after some time.","La red no está disponible. Prueba más tarde."
10,"Authenticating user ...","Autenticando usuario..."
11,"Registering...","Registrando..."
12,"Continue","Continuar"
13,"OK","Continuar"
14,"By clicking on OK, you agree to the \n <a href=""http://www.seeyouall.com/#!legalnotice/c10ft"">Terms of Use</a> and you acknowledge you have read the \n <a href=""http://www.seeyouall.com/#!privacy-police/czp6"">Privacy Policy</a>.","Al hacer clic en Continuar, aceptas los \n términos de uso y confirmas haber leído la \n política de privacidad."
15,"Verify your phone number and check if you already have invites from your friends.","Verifica tu número de teléfono para ver si tus amigos ya te han invitado a algún plan"
16,"We\'ll send you a sms with your verification code.","Recibirás un sms con un código."
17,"phone number","número de teléfono"
18,"^[\\s\\S]*?Sent from your Twilio trial account - Ahoy from See You All!. Enter Confirmation Token: \\d{6} to verify your account. This is a 1-time message.[\\s\\S]*$","^[\\s\\S]*?Enviado desde tu cuenta de prueba de Twilio &#8211; ¡Saludos de See You All!. Introducir token de confirmación: \\d{6} para verificar la cuenta. Este es un mensaje único.[\\s\\S]*$"
19,"Contacts","Contactos"
20,"Groups","Grupos"
21,"Contacts","Contactos"
22,"CONTACTS","CONTACTOS"
23,"GROUPS","GRUPOS"
24,"Refresh","Actualizar"
25,"Add Contact","Añadir contacto"
26,"Add Group","Añadir grupo"
27,"Create Group","Crear grupo"
28,"Edit Group","Editar grupo"
29,"Would you like to continue with your Facebook profile?","¿Quieres continuar con tu perfil de Facebook?"
30,"No, Thanks Continue","No, gracias. Continuar"
31,"Connect with Facebook","Conectar con Facebook"
32,"Share your events with friends","Comparte tus eventos con tus amigos"
33,"Customize your experience","Personaliza tu experiencia"
34,"SeeYouAll will never post on Facebook without your permission.","SeeYouAll nunca publicará  en Facebook sin tu permiso."
35,"Search","Buscar"
36,"New Event","Evento nuevo"
37,"Profile","Perfil"
38,"Contacts","Contactos"
39,"Events","Eventos"
40,"Progress","Progreso"
41,"Continue","Continuar"
42,"Your social life \n Organize your hangouts, parties, \n matches and events. Fast &amp; easy!","Tu vida social \n Organiza tus quedadas, fiestas, \n partidos y eventos fácil y \n rápidamente."
43,"Your social life","Tu vida social"
44,"No fuss \n All your plans in one place. Every \n detail always updated.","Sin líos \n Todos tus planes en un solo lugar y \n todos los detalles actualizados al \n momento."
45,"No fuss ","Sin líos"
46,"Always up to date \n Find out whoâ€™s coming, chat with \n other guests and share photos after \n the hangout.","Siempre a la última \n Entérate de quién va, chatea con el \n resto de invitados y comparte las \n fotos de la quedada."
47,"Always up to date ","Siempre a la última "
48,"Name","Nombre"
49,"Status","Estado"
50,"Email","Correo electrónico"
51,"Date of Birth","Fecha de nacimiento"
52,"Gender","Género"
53,"Male","Hombre"
54,"Female","Mujer"
55,"Import from Facebook","Importar de Facebook"
56,"Add profile pic","Añadir foto de perfil"
57,"Save","Guardar"
58,"Select Picture","Seleccionar foto"
59,"Enter valid date of birth","Introducir fecha de nacimiento válida"
60,"Enter valid email id","Introducir ID de correo electrónico válida"
61,"Profile updated successfully.","El perfil se ha actualizado correctamente."
62,"Location","Ubicación"
63,"Create Contact","Crear contacto"
64,"First Name","Nombre"
65,"Last Name","Apellidos"
66,"Phone Number","Número de teléfono"
67,"Verification code has been\n sent to","Se ha enviado un código\n de verificación a"
68,"Enter Code","Introducir código"
69,"Submit","Enviar"
70,"Reset Event Date and Time","Restablecer fecha y hora del evento"
71,"Help","Ayuda"
72,"Profile","Perfil"
73,"Account","Cuenta"
74,"Contacts","Contactos"
75,"Event settings","Configuración del evento"
76,"Notifications","Notificaciones"
77,"Default applications","Aplicaciones predeterminadas"
78,"Privacy","Privacidad"
79,"Change number","Cambiar número"
80,"Network usage","Uso de red"
81,"Payment","Pago"
82,"Delete my account","Eliminar mi cuenta"
83,"Enter is send","Al pulsar Intro, se enviará"
84,"Enter key will add new line","Al pulsar Intro, se añadirá una línea nueva"
85,"Enter key send message","Al pulsar Intro, enviar mensaje"
86,"Media auto-download","Descarga automática de archivos multimedia"
87,"Chat Setting","Configuración de chat"
88,"Font size:","Tamaño de la fuente:"
89,"Font size for conversation screen","Tamaño de fuente de la pantalla de conversación"
90,"Wallpaper","Fondo"
91,"Tell a friend","Contárselo a un amigo"
92,"Pay for a friend","Pagar por un amigo"
93,"Show all contacts","Mostrar todos los contactos"
94,"Enable to also use hidden contacts","Permitir el uso de contacto ocultos"
95,"When using mobile data","Al utilizar datos móviles"
96,"No media","Ningún archivo multimedia"
97,"When connected on Wi-fi","Al conectarse por Wi-fi"
98,"All media","Todos los archivos multimedia"
99,"When roaming","En itinerancia"
100,"Messages sent:","Mensajes enviados:"
101,"Messages received:","Mensajes recibidos:"
102,"Media bytes sent:","Bytes de archivos multimedia enviados:"
103,"Media bytes received:","Bytes de archivos multimedia recibidos:"
104,"Message bytes sent:","Bytes de mensajes enviados:"
105,"Message bytes received:","Bytes de mensajes recibidos:"
106,"Total bytes sent:","Total de bytes enviados:"
107,"Total bytes received:","Total de bytes recibidos:"
108,"Reset statistics","Restablecer estadísticas"
109,"&#160;messages","&#160;mensajes"
110,"&#160;message","&#160;mensaje"
111,"Alert","Alerta"
112,"Notification tone","Tono de notificación"
113,"Upcoming Event","Evento próximo"
114,"Select a sound to play for a new notification message","Selecciona un sonido para cuando recibas un mensaje de notificación nuevo"
115,"Select hours to notify before an event starts","Seleccionar horas para notificar antes de que un evento comience"
116,"About","Acerca de"
117,"FAQ","Preguntas frecuentes"
118,"System status","Estado del sistema"
119,"Report a problem","Informar de un problema"
120,"Â© 2016 SeeYouAll \n All rights reserved.","&#169; 2016 SeeYouAll \n Todos los derechos reservados."
121,"SeeYouAll Application","Aplicación SeeYouAll"
122,"number","número"
123,"Enter Name","Introducir nombre"
124,"You cannot invite this person.","No puedes invitar a esta persona."
125,"<u>Wrong Number?</u>","<u>¿Número incorrecto?</u>"
126,"Click here to edit","Haga clic aquí para editar"
127,"Add","Añadir"
128,"Select Changes","Seleccionar cambios"
129,"Please enter a Title for the event","Por favor, introduzca un título para el evento"
130,"Please enter a title for the group","Por favor, introduzca un título para el grupo"
131,"This Name already Exist","Este nombre ya existe"
132,"Please Enter Valid Number","Introduce un número válido"
133,"Contact Not Updated","Contacto no actualizado"
134,"This name is already exist","Este nombre ya existe"
135,"Add Contacts to Group ","Añadir contactos al grupo "
136,"Delete","Borrar"
137,"Update","Actualizar"
138,"Hello blank fragment","Fragmento vacío de bienvenida"
139,"From Camera","De Cámara"
140,"From Gallery","De Galería"
141,"No Dress Code","No hay código de vestimenta"
142,"Business Formal","Formal"
143,"Business Casual","Business Casual"
144,"Sport Casual","Informal"
145,"Costume","Disfraz"
146,"Edit Group","Editar grupo"
147,"SIM Card Absent","No hay tarjeta SIM"
148,"Save","Guardar"
149,"Select Image from","Seleccionar imagen de"
150,"First Name","Nombre"
151,"Data Not Updated","Datos no actualizados"
152,"Group Detail","Detalle del grupo"
153,"%1$s is not a valid mobile number for the country: %2$s.","%1$s no es un número de teléfono móvil válido para el país: %2$s."
154,"Wrong verification code.","Código de verificación incorrecto."
155,"Resend Code","Volver a enviar código"
156,"Text Field cannot be empty","El campo de texto no puede estar vacío"
157,"Registration successful !!!","Te has registrado correctamente."
158,"Events","Eventos"
159,"Events","Eventos"
160,"Settings","Configuración"
161,"Events","Eventos"
162,"Change Group Icon","Cambiar icono del grupo"
163,"Group Icon","Icono del grupo"
164,"Participant :","Participante:"
165,"Add Group Icon","Añadir icono del grupo"
166,"\""\ %s\"" Group created successfully","El grupo \""\ %s\"" se ha creado correctamente"
167,"\""\ %s\"" Group updated successfully","El grupo \""\ %s\"" se ha actualizado correctamente"
168,"Group Name","Nombre del grupo"
169,"Please enter your phone number.","Introduce tu número de teléfono."
170,"Unable to detect network. Please check connectivity and try again.","No se ha podido detectar la red. Comprueba la conectividad y vuelve a intentarlo."
171,"Search","Buscar"
172,"Group Name","Nombre del grupo"
173,"Location","Ubicación"
174,"Search","Buscar"
175,"Done","Listo"
176,"Enable GPS to get current location ?","¿Habilitar GPS para obtener la ubicación actual?"
177,"YES","SÍ"
178,"NO","NO"
179,"Title (ex:Anna\'s Birthday)","Título (por ejemplo: Cumpleaños de María)"
180,"Description (optional)","Descripción (opcional)"
181,"Location (optional)","Lugar (opcional)"
182,"All Day","Todo el día"
183,"Calendar (check your availability)","Calendario (comprueba tu disponibilidad)"
184,"Start Time","Hora de inicio"
185,"Start Date\n(optional)","Fecha de inicio (opcional)"
186,"End Date\n(optional)","Fecha de finalización (opcional)"
187,"End Time","Hora de finalización"
188,"Advance Options","Opciones avanzadas"
189,"Invite Contacts","Invitar a contactos"
190,"DatePicker","DatePicker"
191,"Last Date to Confirm","Última fecha para confirmar"
192,"Ask for number of guests bringing","Preguntar número de acompañantes"
193,"Cost (optional)","Coste (opcional)"
194,"Make RSVP for kids or adult","Enviar confirmación para niños o adulto"
195,"Limit RSVP to Yes or No","Limitar confirmación a Sí o No"
196,"Maximum Capacity (optional)","Capacidad máxima (opcional)"
197,"Block Seat for your guest (optional)","Bloquear plaza para tu acompañante (opcional)"
198,"Allowing Voting","Permitir votación"
199,"Hide Guest List","Ocultar lista de invitados"
200,"Chat","Chat"
201,"Date and Time (When)","Fecha y hora (cuándo)"
202,"Location (Where)","Lugar (dónde)"
203,"Description (What to do)","Descripción (qué hacer)"
204,"Next","Siguiente"
205,"Create Event &amp; Send Invites","Crear evento y enviar invitaciones"
206,"Update Invites","Actualizar invitaciones"
207,"Add Details Now","Añadir fechas, ubicación y más"
208,"Add Details Later","Añadir detalles después"
209,"Please select end date first!","Seleccione primero la fecha de finalización."
210,"Please select start date first!","Selecciona primero la fecha de inicio."
211,"Last date to confirm is not valid!","El valor de Última fecha para confirmar no es válido."
212,"End Date can\'t be before start date","La fecha de finalización debe ser igual o posterior a la fecha de inicio"
213,"Date should be Today or After","La fecha no puede ser anterior a hoy"
214,"Start Date should be before end date","La fecha de inicio debe ser anterior a la fecha de finalización"
215,"Selected time can\'t be before current time","La hora seleccionada no puede ser anterior a la hora actual"
216,"Start Time can\'t be after end time","La hora de inicio no puede ser posterior a la hora de finalización"
217,"End Time can\'t be before start time","La hora de finalización no puede ser anterior a la hora de inicio"
218,"Please Confirm","Por favor, confirma"
219,"OK","Aceptar"
220,"Decline","Rechazar"
221,"This contact will be deleted permanently from your device.","Este contacto se eliminará definitivamente del dispositivo."
222,"Would you like to delete this group?","¿Quieres eliminar este grupo?"
223,"Enter Name","Introducir nombre"
224,"Search Name","Buscar nombre"
225,"Upcoming","Próximos"
226,"Past","Pasado"
227,"RSVP:","¿Vas?"
228,"RSVP:","¿Van?"
229,"is not a valid number for the country:","no es un número válido para el país:"
230,"Dress Code","Código de vestimenta"
231,"OK","Aceptar"
232,"The phone number you entered is too short for the country: %1$s.","El número de teléfono introducido es demasiado corto para el país: %1$s."
233,"The phone number you entered is too long for the country: %1$s.","El número de teléfono introducido es demasiado largo para el país: %1$s."
234,"Deadline to confirm: %1$s days","Plazo máximo para confirmar: %1$s días"
235,"In %1$s days","En %1$s días"
236,"In %1$s day","En %1$s día"
237,"In %1$s hs","En %1$s hs"
238,"In %1$s hr","En %1$s hr"
239,"In %1$s min","En %1$s min"
240,"NOW","AHORA"
241,"$/person","$/persona"
242,"Please select valid date.","Selecciona una fecha válida."
243,"Countries","Países"
244,"Search country","Buscar país"
245,"country_code","country_code"
246,"No Upcoming Events.","No hay eventos próximos."
247,"New Event","Evento nuevo"
248,"Today","Hoy"
249,"country_name","country_name"
250,"Create your own groups","Crea tus propios grupos"
251,"You haven\'t created any group yet. Create your own groups by using create group button.","Todavía no has creado ningún grupo. Haz clic en el botón Crear grupo para crear tus propios grupos."
252,"color_type","color_type"
253,"No Past Events","No hay eventos pasados"
254,"Unable to register device using GCM on server.","No es posible registrar el dispositivo usando el servicio GCM en el servidor."
255,"%1$s has been added successfully.","%1$s se ha añadido correctamente."
256,"End Date should be the Start Date or After","La fecha de finalización debe ser igual o posterior a la fecha de inicio"
257,"\t","\t"
258,"Select Event Dress Code","Seleccionar código de vestimenta del evento"
259,"No Dress Code","No hay código de vestimenta"
260,"GOING","ASISTIRÁN"
261,"MAYBE","TAL VEZ ASISTAN"
262,"NOT GOING","NO ASISTIRAN"
263,"NOT RESPONDED","NO HAN RESPONDIDO"
264,"NOT RESPONDED","NO HAS RESPONDIDO"
265,"Registration Problem","¡Vaya! Problema de registro"
266,"Registration failed please try again.","¡Vaya! Se ha producido un problema al intentar registrar el dispositivo. Borra los datos del dispositivo y vuelve a intentar registrarte."
267,"<![CDATA[Date & Time]]>","<![CDATA[Fecha y hora]]>"
268,"<![CDATA[Starts:]]>","Inicio:"
269,"<![CDATA[Ends:]]>","Fin:"
270,"EventDetailAdminActivity","EventDetailAdminActivity"
271,"RSVP (Are you going?)","Confirmación de asistencia (¿vas?)"
272,"Last date of confirmation:","Fecha límite de confirmación:"
273,"Cost","Coste"
274,"Guest List","Lista de invitados"
275,"Description","Descripción"
276,"Dress Code","Código de vestimenta"
277,"Check Availability","Comprobar disponibilidad"
278,"Edit Event","Editar evento"
279,"View Guest List","Ver lista de invitados"
280,"Edit Guest List","Editar lista de invitados"
281,"Delete Guest List","Eliminar lista de invitados"
282,"Share Event","Compartir evento"
283,"View Expenses","Ver gastos"
284,"Admin: %1$s","Admin: %1$s"
285,"You","Tú"
286,"You","Ti"
287,"Cancel","Cancelar"
288,"<![CDATA[View Event Details]]>","<![CDATA[Ver detalles del evento]]>"
289,"Repeat","Repetir"
290,"<![CDATA[View & Edit Event Details]]>","<![CDATA[Ver y editar detalles del evento]]>"
291,"Cancel Event","Cancelar evento"
292,"<![CDATA[Delete]]>","<![CDATA[Eliminar]]>"
293,"<![CDATA[Leave]]>","<![CDATA[Abandonar]]>"
294,"Assign Someone as Admin","Asignar a alguien como administrador"
295,"Send as Calendar","Enviar como calendario"
296,"Mute","Silenciar"
297,"Unmute","Anular Silenciar"
298,"View Event Details","Ver detalles del evento"
299,"Leave Event","Abandonar evento"
300,"%1$s %2$s per person","%1$s %2$s por persona"
301,"Number of guests: %1$s","Número de invitados: %1$s"
302,"Guest List","Lista de invitados"
303,"Manage Guests","Gestionar invitados"
304,"Lives in:","Vive en:"
305,"Warning","Advertencia"
306,"Do you want to discard this event?","¿Quieres descartar este evento?"
307,"Do you want to discard this group?","¿Quieres descartar este grupo?"
308,"This event is not sync with server","Este evento no está sincronizado con el servidor"
309,"Deadline to confirm: %1$s day","Plazo máximo para confirmar: %1$s día"
310,"Not Defined","No especificado."
311,"Not Defined","No especificado."
312,"No Guest list available","No hay lista de invitados disponible"
313,"Maximum capacity not defined","Capanot_defined_labelcidad máxima sin definir"
314,"Invitee List","Lista de invitados"
315,"Edit Event","Editar evento"
316,"Save Event","Guardar evento"
317,"Send Invite","Enviar invitación"
318,"Event updated successfully.","El evento se ha actualizado correctamente."
319,"Event Invite.","Invitación al evento"
320,"Please find attachment.","Ver archivo adjunto."
321,"android-support@seeyouall.com","android-support@seeyouall.com"
322,"Feedback/Question about SeeYouAll","Comentarios/preguntas acerca de SeeYouAll"
323,"Please select any status first.","Selecciona primero cualquier estado."
324,"Can\'t select seats greater than maximum allowed.","No se pueden seleccionar más plazas del máximo permitido."
325,"Delete Event","Eliminar evento"
326,"Mute","Silenciar"
327,"ChatActivity","ChatActivity"
328,"UpComming Event","Evento próximo"
329,"Type Message","Escribir mensaje"
330,"You did not change your RSVP","Por favor selecciona un estado diferente al actual."
331,"Going","Asistiré"
332,"Maybe","Tal vez asista"
333,"Not going","No asistiré"
334,"Number of Guests Bringing","Número de acompañantes"
335,"Adults","Adultos"
336,"Kids","Niños"
337,"Please first assign event to other invitee.","Primero asigne el evento a otro invitado."
338,"DescriptionSuggestionActivity","DescriptionSuggestionActivity"
339,"Are you sure you want to delete this event?","¿Estás seguro de que quieres eliminar el evento?"
340,"Are you sure you want to leave this event?","¿Estás seguro de que quieres abandonar el evento?"
341,"Are you sure you want to remove invitee.","¿Estás seguro de que quieres eliminar al invitado?"
342,"Are you really want to remove from the guestlist all the guests with RSVP %1$s.","¿Estás seguro de que quieres eliminar de la lista de invitados a todos los invitados con confirmación de asistencia %1$s?"
343,"Thanks for the rsvp, your request has been submitted. Currently you are in waiting list. We\'ll notify you soon.","Gracias por confirmar tu asistencia. La solicitud se ha enviado. Actualmente estás en lista de espera. Te informaremos en breve."
344,"Add suggestion","Añadir sugerencia"
345,"Pick as a winner","Seleccionar ganadora"
346,"Created by ","Creada por "
347,"Suggested by ","Sugerida por "
348,"Admin","Admin"
349,"Write your suggestion","Escribe tu sugerencia"
350,"suggesterID","suggesterID"
351,"suggeterContact","suggeterContact"
352,"suggetionsType","suggetionsType"
353,"<![CDATA[Start Date & Time]]>","<![CDATA[Fecha y hora de inicio]]>"
354,"<![CDATA[End Date & Time]]>","<![CDATA[Fecha y hora de finalización]]>"
355,"no description","sin descripción"
356,"no location","sin lugar"
357,"<![CDATA[Start Date]]>","<![CDATA[Fecha de inicio]]>"
358,"<![CDATA[Start Time]]>","<![CDATA[Hora de inicio]]>"
359,"<![CDATA[End Date]]>","<![CDATA[Fecha de finalizaciÃ³n]]>"
360,"<![CDATA[End Time]]>","<![CDATA[Hora de finalizaciÃ³n]]>"
361,"<![CDATA[Date & Time]]>","<![CDATA[Fecha y hora]]>"
362,"Description","Descripción"
363,"Location","Localización"
364,"Date &amp; Time","Fecha y hora"
365,"Edit Description","Editar descripción"
366,"Edit Location","Editar lugar"
367,"Edit Date &amp; Time","Editar fecha y hora"
368,"Account","Cuenta"
369,"Event settings","Configuración del evento"
370,"Contact","Contacto"
371,"Media auto - download","Descarga automática de archivos multimedia"
372,"Notifications","Notificaciones"
373,"Help","Ayuda"
374,"FAQ","Preguntas frecuentes"
375,"Change number","Cambiar número"
376,"Photo","Foto"
377,"Camera","CÃ¡mara"
378,"Audio","Audio"
379,"Contact","Contacto"
380,"File","Archivo"
381,"Location","Ubicación"
382,"Video","Vídeo"
383,"The admin has currently disabled the chat.","El administrador ha deshabilitado el chat."
384,"File size too big!! Please choose a file smaller than 10 MB","El tamaÃ±o del archivo es muy grande. Por favor, selecciona uno menor de 10 MB"
385,"Remove all MAYBE","Eliminar todos los TAL VEZ ASISTAN"
386,"max_capacity","max_capacity"
387,"Remove all NOT GOING","Eliminar todos los NO ASISTIRÁN"
388,"Remove all NOT RESPONDED","Eliminar todos los NO HAN RESPONDIDO AÚN"
389,"Please complete your profile to personalize your experience.","Por favor completa tur perfil para que podamos personalizar tu experiencia."
390,"Remind later","Recordármelo más tarde"
391,"Phone number","Número de teléfono"
392,"Status","Estado"
393,"Location","Ubicación"
394,"Gender","Género"
395,"Block","Bloquear"
396,"UnBlock","Desbloquear"
397,"Network usage","Uso de red"
398,"Unable to lock this suggestion as this suggestion is not in sync with server yet. Please try after some time","No es posible bloquear esta sugerencia porque aún no está sincronizada con el servidor. Vuelve a intentarlo más tarde"
399,"could not make connection to server","no ha podido conectarse al servidor"
400,"response could not be successfully parsed","la respuesta no se ha podido analizar correctamente"
401,"Unknown Error","Error desconocido"
402,"Authentication Problem","Problema de autenticación"
403,"Unable to detect SMS, please register again","No es posible detectar SMS. Vuelve a registrarte."
404,"Unable to find location","No es posible encontrar el lugar"
405,"Deadline has passed last date to respond!","El plazo de último fecha para responder ha finalizado."
406,"Event already started, can\'t perform RSVP now.","El evento ya ha empezado, la confirmaciÃ³n de asistencia ya no es posible"
407,"Contacts Updated","Contactos actualizados"
408,"Delete contacts from phonebook","Eliminar contactos de la libreta de direcciones"
409,"Enter correct date and time.","Introduce una fecha y una hora correctas."
410,"Enter description.","Introduce una descripción."
411,"Please wait untill event gets synced with server!","Espera hasta que el evento se sincronice con el servidor."
412,"Complete your profile","Completa tu perfil"
413,"SD card is not mounted.","La tarjeta SD no está montada."
414,"Wallpaper set","Conjunto de fondos"
415,"Whoops - your device doesn\'t support the crop action!","¡Vaya! El dispositivo no admite la acción de recorte."
416,"When using mobile data","Conectado a datos móviles"
417,"When using WiFi data","Conectado a Wi-fi"
418,"When using roaming data","En itinerancia de datos"
419,"cannot select more than %1$s files","No se pueden seleccionar más de %1$s archivos"
420,"File cannot be processed.","El archivo no se puede procesar."
421,"Cannot download message right now. Try again!","No se puede descargar el mensaje ahora. Vuelve a intentarlo."
422,"Can not cancel right now.","No se puede cancelar ahora."
423,"cannot download image/video right now. Try again!","No se puede descargar la imagen o el vídeo ahora. Vuelve a intentarlo."
424,"Image no longer exists in your phone memory.","La imagen ya no existe en la memoria del teléfono."
425,"Suggestion not synced yet","La sugerencia todavía no se ha sincronizado"
426,"Wait for vote to sync","Espera a que se sincronice el evento"
427,"No network connection.","No hay conexión de red."
428,"You have assign new admin","Has asignado a un administrador nuevo"
429,"You can not assign admin.","No puedes asignar a un administrador."
430,"You can not assign admin to non SeeYouAll members.","No puedes asignar como administrador a aquellos que no sean miembros de SeeYouAll."
431,"Remove Invitee","Eliminar invitado"
432,"Options Dialog","Cuadro de diálogo de opciones"
433,"Leave Event","Abandonar evento"
434,"Delete Event","Eliminar evento"
435,"Please enter your old country code and phone number.","Introduce el código de país y el número de teléfono anteriores."
436,"Please enter your new country code and phone number.","Introduce el código de país y el número de teléfono nuevos."
437,"current phone number","número de teléfono anterior"
438,"new phone number","número de teléfono nuevo"
439,"Please enter phone number.","Introduce tu número de teléfono."
440,"Current and new numbers can\'t be same.","El número anterior y el número nuevo no pueden coincidir."
441,"Please wait.","Por favor, espera."
442,"Sorry, can\'t change to this number. ","Lo sentimos, pero no podemos cambiarlo a este número. "
443,"Code not matched","El código no coincide"
444,"Number successfully changed","El número se ha cambiado correctamente"
445,"Confirm in: ","Confirma en: "
446,"VIEW","VISTA"
447,"<b>Event Title:</b> %1$s \n<b>Event Desc:</b> %2$s\n<b>Event Start Time:</b> %3$s\n<b>Event End Time:</b> %4$s\n<b>Event Location:</b> %5$s\n<b>Event Dress Code:</b> %6$s ","INFORMACIÓN DEL EVENTO"
448,"<b>Event Title:</b>%1$s\n<b>Start Time:</b>%2$s\n<b>End Time:</b>%3$s","INFORMACIÓN DEL EVENTO EN TWITTER"
449,"Are you sure you want to delete your account?","¿ESTÁS SEGURO DE QUE QUIERES SUPRIMIR TU CUENTA?"
450,"Delete Account","SUPRIMIR CUENTA"
451,"Add To Contacts","AÑADIR A CONTACTOS"
452,"CANCELLED","CANCELADO"
453,"Waiting","ESPERANDO"
454,"0 Kids","0 Niños"
455,"0 Adults","0 Adultos"
456,"Not Available","No está Disponible"
457,"Blocked seats without maximum capacity will not be considered!","Asientos bloqueados sin capacidad máxima"
458,"TBD","Sin decidir"
459,"Seats blocked can not exceed or equal to the maximum capacity!","Las plazas bloqueadas no pueden superar la capacidad máxima."
460,"Title","Título"
461,"ex: Ana\'s Birthday","ej: Cumpleaños de Ana"
462,"Add dates, location and more","Añadir fechas, ubicación y más"
463,"Add Details Later","Añadir detalles depués"
464,"Advanced options","Opciones avanzadas"
465,"Invite contacts","Invitar a contactos"
466,"Location","Ubicación"
467,"Make RSVP for kids/adult",
468,"Description","Descripción"
469,"Limit RSVP to Yes/No","Limitar confirmación a Sí o No"
470,"Recurrent event","Evento recurrente"
471,"optional","opcional"
472,"Maximum capacity","Capacidad máxima "
473,"Block seats for your guests","Asientos bloqueados para tus invitados"
474,"Dress code (optional)","Código de vestimenta"
475,"Allowing voting","Permitir votación"
476,"This suggestion is not synced with server yet! Vote after it gets synced with server","Esta sugerencia no está sincronizada con el servidor"
477,"Delete my account","Suprimir mi cuenta"
478,"Deleting Your Account Will:","Suprimir tu cuenta supondrá:"
479,"Delete your account from SeeYouAll","Suprimir tu cuenta de SeeYouAll"
480,"Erase your events history","Borrar tu historial de eventos"
481,"Confirm your country code and enter your phone number to delete your account.","Confirma tu número de país e introduce tu numero de teléfono para suprimir tu cuenta"
482,"Delete my account","Suprimir mi cuenta"
483,"Profile does not exist","Este perfil no existe"
484,"Email","Email"
485,"Date of birth","Fecha de nacimiento"
486,"isImageUpdateNotification",
487,"eventId",
488,"fileUrl",
489,"thumbnail",
490,"filePath",
491,"Phone Number","Número de teléfono"
492,"Add atleast one participant!","Añade por lo menos un contacto al grupo"
493,"Seats has been booked, try lesser number of seats!","Asientos reservados, intenta un numero menor de asientos"
494,"No Event Found","Ningún Evento Encontrado"
495,"Hey,\nI just downloaded SeeYouAll event managment event app,download here the SeeYouAll app and join us! %1$s","Oye,\nacabo de descargar la app de gestión de eventos SeeYouAll,descargate aqui la app y unete! %1$s"
496,"SeeYouAll","SeeYouAll"
497,"Hey,\nI just downloaded SeeYouAll event managment event app,download here the SeeYouAll app and join us! %1$s","Oye,\nacabo de descargar la app de gestión de eventos SeeYouAll. Prueba la app SeeYouAll para compartir eventos."
498,"Can only input 1 to 72 hs!","Valores válidos son entre 1 y 72h!"
499,"End Time can\'t be before current time","La Hora de Finalización no puede ser anterior a la actual"
500,"1-72 hr before an event starts","1-72 hr antes del comienzo de un evento"
501,"<html><body><p>Lorem ipsum dolor sit amet, consectetur adipiscing elit. Integer nec odio. Praesent libero. Sed cursus ante dapibus diam. Sed nisi. Nulla quis sem at nibh elementum imperdiet. Duis sagittis ipsum. Praesent mauris. Fusce nec tellus sed augue semper porta. Mauris massa. Vestibulum lacinia arcu eget nulla. Class aptent taciti sociosqu ad litora torquent per conubia nostra, per inceptos himenaeos. Curabitur sodales ligula in libero.</p> <p><b>Sed dignissim lacinia nunc. Curabitur tortor.</b> Pellentesque nibh. Aenean quam. In sce</p></body></html>",
502,"http://staging.seeyouall.com/download",
503,"Enter location.","Introduce ubicación"
504,"Choose wallpaper form gallery","Elejir un fondo de la galería"
505,"Remove wallpaper","Quitar fondo"
506,"Set wallpaper","Poner fondo"
507,"WAITING","EN ESPERA"
508,"You cannot bring more than 50 guests!","Máximo 50 invitados permitidos"
509,"Navigate","Navegar"
510,"Delete","Borrar"
511,"Options","Opciones"
512,"View chat","Vista chat"
513,"Held on:","En espera:"
514,"Guest Invited:","Invitados:"
515,"Congrats!! Invites were sent!! Click on any guest to share the invite via other apps!!","¡¡FELICIDADES!! ¡¡Las invitaciones han sido enviadas!! Selecciona cualquiera de tus invitados para informarles sobre el evento a traves de otras APPs"
516,"The person with phone number %1$s has invited you to the event \""%2$s\"" Download here the SeeYouAll app to reply your friend if you are going:http://www.seeyouall.com/downloadapp/","La persona con el número de teléfono XXXX te ha invitado al evento XXXX. Descraga la aplicaión de Seeyouall para responder a tu amigo si acudirás XXXX"
517,"Join me at this #SeeYouAll Event!","¡Vente a este Evento #SeeYouAll conmigo!"
518,"System status","Estado del sistema"
519,"couldn\'t connect to server","No se pudo conectar al servidor"
520,"something went wrong","Algo ha fallado"
521,"no internet connection","Sin conexión a internet"
522,"Last synced at:","Última sincronización a las:"
523,"Special Characters not allowed in title","Caracteres especiales no permitidos en el tí­tulo"
524,"Delete group","Borrar grupo"
525,"Are you sure you want to delete this group?","¿Estás seguro de que quieres borrar este grupo?"
526,"Delete Suggestion","Borrar sugerencia"
527,"Are you sure you want to delete this suggestion?","¿Estás seguro de  que quieres borrar esta sugerencia?"
528,"Upload more pics","Añadir más fotos"
529,"Upload more videos","Añadir más videos"
530,"Copy","Copiar"
531,"selected","Seleccionado"
532,"Chat Copied","Chat copiado"
533,"Version","Versión"
534,"Chat is not available yet","El chat no está disponible todavia"
535,"Cancel Event","Cancelar evento"
536,"Select Currency","Seleccionar moneda"
537,"€/persona","€/persona"
538,"$/person","$/persona"
539,"Are you sure you want to cancel this event?","¿Estás seguro de que quieres cancelar el evento?"
540,"RSVP","Confirmación"
541,"are you going?","¿Vas a ir?"
542,"In %1$s days","En %1$s dí­as"
543,"Hours Before","Horas antes"
544,"Font Size","Tamaño de la fuente"
545,"Large","Grande"
546,"Small","Menor"
547,"Medium","Medio"
548,"Changing your number will migrate your account info, Event and Settings. \n\nBefore proceeding, please confirm that you are able to receive SMS or calls at your new number. \n\n In order to change a phone number using a new device, first introduce the new SIM in the new device, then in the old device follow the change number procedure, validate the new phone number, install the app in the new device, open it and verify the new phone number in this new device ","Al cambiar el número, se migrará la información de la cuenta, los eventos y la configuración. \n\n Antes de continuar, verifica que puedes recibir SMS o llamadas en el número nuevo. \n\n Para hacer el cambio de numero en un terminal nuevo, primero introduce la nueva SIM en el nuevo terminal, luego en el viejo terminal sigue el procedimiento de cambio de numero, valida el nuevo numero, instala la app en el terminal nuevo, abrela y verifica el nuevo numero en el terminal nuevo. </string>"
549,"Maximum capacity: %1$s","Máximo número de asistentes: %1$s</string>"
550,"Sunday","Domingo"
551,"Monday","Lunes"
552,"Tuesday","Martes"
553,"Wednesday","Miércoles"
554,"Thursday","Jueves"
555,"Friday","Viernes"
556,"Saturday","Sábado"
557,"Enter date first!","Selecciona primero la fecha de inicio."
558,"Date should be after today!",
559,"%1$s days","%1$s días"
560,"%1$s day","%1$s día"
561,"%1$s hs","%1$s hs"
562,"%1$s min","%1$s min"
563,"%1$s hr","%1$s hr"
564,"RSVP closed","Confirmaciones cerradas"
565,"You haven\'t created any group yet.","Todavía no has creado ningún grupo"
566,"Images","Imágenes"
567,"Videos","Vídeos"
568,"All media","Todos los medios"
569,"No media","No hay medios "
570,"Past event settings","Configuración de eventos pasados"
571,"Show not attended events","Mostrar eventos no asistidos"
572,"Will also show you not attended events","Muestra también los eventos a los que no asistió"
573,"Show cancelled events","Mostrar eventos cancelados"
574,"Will also show you cancelled events","También mostrará eventos cancelados"
575,"Will not show you cancelled events","No muestra eventos cancelados"
576,"You have selected %1$s for rsvp","Has selecionado %1$s"
577,"This file cannot be processed.",
578,"Loading, Please wait!",
579,"Male","Hombre"
580,"Female","Mujer"
581,"in waiting","en espera"
582,"Share using","Comparte usando"
583,"Add events to calendar","Añadir eventos al calendario"
584,"Will add events to your calendar","Añade los eventos a tu calendario"
585,"Will not add events to your calendar","No añade los eventos a tu calendario"
586,"Load More",
587,"Event is not synced with server yet!","El evento no esta sincronizado con el servidor todavia!"
588,"cannot select more than %1$d files",
589,"cannot send message right now. Try again!",
590,"Guest list is hidden by admin.","La lista de invitados esta deshabilitada por el administrador."
591,"Delete","Borrar"
592,"Share","Compartir"
593,"Forward","Reenviar"
594,"Share Image(s)","Comparte Foto(s)!"
595,"Share Video(s)","Comparte Video(s)!"
596,"&#160;file deleted","&#160;Archivo eliminado"
597,"&#160;files deleted","&#160;Archivos eliminados"
598,"Delete Media Files","Borrar Archivos"
599,"Are you sure you want to delete these files?","¿Estás seguro de que quieres borrar estos archivos?"
600,"Image","Imagen"
601,"Video","Vídeo"
602,"Do you want to repeat this event next week at the same day/time and with the same invitees?","¿Deseas repetir este evento la semana que viene, el mismo dia/hora y con los mismos invitados?"
603,"Modify before","Modificar antes"
604,"Yes","Si"
605,"No","No"
606,"New occurrence of the event created sucessfully!! ","¡¡Nueva ocurrencia del evento creada satisfactoriamente!!"
607,"Fails!! Please try another option! ","¡Error! ¡Por favor prueba otra opción!"
608,"Do you want to cancel your changes?","¿Desea cancelar sus cambios?"
609,"Server is operating normally","El servicio esta operando normalmente"
610,"RSVP","¿VAS?"
611,"Phone number not matched!","¡Numero de telefono no corresponde con el actual!"
612,"http://www.seeyouall.com/#!faqs-ingles/c1hvp","http://www.seeyouall.com/#!faqs-espanol/c1bv9"
613,"http://www.seeyouall.com/#!legalnotice/c10ft","http://www.seeyouall.com/#!avisolegal/czp"
614,"http://www.seeyouall.com/#!privacy-police/czp6","http://www.seeyouall.com/#!politicaprivacidad/cdts"
615,"Assigning admin, Please wait!","Asignando administrador ¡Por favor, espera!"
616,"No Invitee","No invitado"
617,"Last date to confirm can\'t be less than 1 hr before start date","Última fecha a confimar debe ser al menos 1h antes de la fecha de comienzo"
618,"Media cannot be downloaded right now. Try again!","Multimedia no se puede descargar en este momento. ¡Inténtalo de nuevo!"
619,"Voting has been closed!","¡Votaciones has sido cerradas!"
620,"Please select suggestion first!","¡Por favor, seleccione sugerencia primero!"
621,"Voting has been closed for this category.","Votaciones estan cerradas para esta categoria"
622,"Profile imported successfully","Perfil importado satisfactoriamente"
623,"Time should be after current time","La hora debe ser posterior a la actual"
624,"You cannot forward content here as event is cancelled.","No es posible reenviar contenido aqui ya que el evento esta cancelado"
625,"You cannot forward content here as chatting is disabled in this event.","No es posible reenviar contenido aqui ya que el chat de este evento esta deshabilitado"
626,"1 contact selected","1 contacto seleccionado"
627,"%d contacts selected","%d contactos seleccionados"
628,"No upcoming events! \n A movie? Some beers? A match? \n Organize your own event and meet \n with your friends in two clicks.","¡Parece que no hay eventos \n próximos! \n ¿Una peli? ¿Unas cañas? ¿Un partido? \n Organiza tu propio plan y queda con \n tus amigos en dos clicks."
629,"Create an event","Crea un evento"
630,"Contact Admin","Contactar Administrador"
631,"SeeYouAll News","Novedades SeeYouAll"
632,"SeeYouAll News","Novedades SeeYouAll"
633,"No News Feed","Ninguna Novedad"
634,"Delete Notification","Borrar Notificación"
635,"Are you sure you want to delete this news?","¿Estas seguro de que quieres borrar esta notificación?"
636,"Ex: Planning my hangouts with SeeYouAll","Ej: Preparando mis quedadas con SeeYouAll"
637,"No files selected","No hay archivos seleccionados"
638,"Cannot share more than %1$d files","No puedes compartir mas de %1$d archivos"
639,"Date:","Fecha:"
640,"Change profile pic","Cambiar foto de perfil"
641,"Current phone number is invalid","El número de telefono no corresponde con el actual"
642,"Will not show you not attended events","No muestra los eventos a los que no se asistió"
643,"(Public)","(Público)"
644,"(Private)","(Privado)"
645,"Not Defined","No especificado."
646,"Other","Otro"
647,"Other gender","Otro"
648,"Only you can view this info.","Solamente tú puedes ver esta información."
649,"Oops! Something went wrong.","¡Vaya! Algo salió mal."
650,"You can\'t RSVP to an event that requires payment because you are using a version of the app that is not supporting payments yet. Please update.","No puedes confirmar tu asistencia a un evento que requiere pago ya que estas usando una version de la app que no soporta pagos todavia. Por favor, actualiza."
651,"ex: Planning my hangouts with SeeYouAll","ej: Preparando mis quedadas con SeeYouAll"
652,"Full name","Nombre y apellidos"
653,"Email","Email"
654,"Ex: Jul 24, 1985","Ej: Jul 24, 1985"
655,"Ex: New York, NY","Ej: Majadahonda, Madrid"
656,"Reset Statistics","Reiniciar las estadísticas"
657,"Do you really want to reset the statistics?","¿Realmente desea restablecer las estadísticas?"
658,"Yes","Si"
659,"No","No"
660,"and","y"
661,"hs","hs"
662,"You're invited to a new event.","Te han invitado a un evento."
663,"Verify your phone number and check if \n you already have invites from your \n friends.","Verifica tu número de teléfono para ver si tus amigos ya te han invitado a algún plan"
664,"We'll send you a sms with your verification code.","Recibirás un sms con un código."
665,"Sorry! you can't mute/unmute as your Alert Setting is OFF in settings","Apenado! no se puede silenciar / activar como su configuración de alerta está en OFF en los ajustes"
666,"Sign Up Failed","Registro fallido"
667,"Device registration failed, we'll keep trying!!","Registro dispositivo falló, vamos a seguir intentando!!"
668,"User Confirmation Failed","Código introducido erróneo"
669,"User profile could not be fetched.","Perfil de usuario no se han podido recuperar."
670,"Data can not be saved in database.","Los datos no se pueden guardar en la base de datos."
671,"Error loading countries.","Países Error al cargar."
672,"Error importing profile from Facebook.","Error al importar el perfil de Facebook."
673,"Request cancelled!","Solicitud cancelado!"
674,"Error updating profile on server.","Error al actualizar el perfil en el servidor."
675,"Resend Code failed","not found"
676,"Error loading","Error de carga"
677,"Terms of Use","Condiciones de uso"
678,"Privacy Policy","Política de privacidad"
679,"PrivacyPolicy","política de privacidad"
680,"Fill contact name.","Llene nombre de contacto."
681,"First name required","Nombre requerido"
682,"Phone Number required","Número de teléfono requiere"
683,"Please enter valid Phone Number","Por favor, introduzca número de teléfono válido"
684,"Device could not be registered on server, please try some time later.","El dispositivo no se pudo registrar en el servidor, por favor trate algún tiempo después."
685,"No Location Service","No Ubicación Servicio"
686,"Could not find location","No se pudo encontrar la ubicación"
687,"No location to be saved","Ningún lugar para ser salvo"
688,"Please enter a Title","Por favor, introduzca un título"
689,"Invitee should be a SeeYouAll user.","Invitado debe ser un SeeYouAll usuario."
690,"Thanks for the rsvp, your request has been submitted. Currently you are in waiting list. We'll notify you soon.","Gracias por el rsvp, su solicitud se ha presentado. Actualmente se encuentra en lista de espera. Le notificaremos pronto."
691,"Are you sure you want to delete your account? This can't be undone.","not found"
692,"Not a SeeYouAll user.","No es un usuario SeeYouAll."
693,"Sorry!","Apenado!"
694,"Are you really want to remove from the guest list all the guests with RSVP MAYBE.","¿Está usted realmente desea eliminar de la lista de invitados a todos los invitados con RSVP PUEDE SER."
695,"Are you really want to remove from the guest list all the guests with RSVP NOT RESPONDED.","¿Está usted realmente desea eliminar de la lista de invitados a todos los invitados con RSVP no ha respondido."
696,"Are you really want to remove from the guest list all the guests with RSVP NOT GOING.","¿Está usted realmente desea eliminar de la lista de invitados a todos los invitados con RSVP NO VOY."
697,"Do you want to discard this event?","¿Quieres descartar este evento?"
698,"No Guests","Sin Invitado"
699,"GOING","ASISTIRÁN"
700,"MAYBE","TAL VEZ ASISTAN"
701,"May be","Tal vez asista"
702,"Event already started, can't perform RSVP now.","El evento ya ha empezado, la confirmación de asistencia ya no es posible."
703,"Event has been cancelled, can't perform RSVP.","Evento ha sido cancelada , no se puede llevar a cabo de RSVP."
704,"MAYBE","Tal vez asista"
705,"NOT GOING","No asistiré"
706,"NOT RESPONDED","No has respondido"
707,"Are you sure you want to cancel event","¿Seguro que desea cancelar evento"
708,"Cancellation cannot be undone.","La cancelación no se puede deshacer."
709,"Please wait until this suggestion is synced with server.","Por favor, espere hasta que esta sugerencia se sincroniza con el servidor."
710,"Please wait until this event is synced with server.","Por favor, espere hasta que este evento se sincroniza con el servidor."
711,"Pay to a friend","Pagar a un amigo"
712,"Hey, \nI just downloaded SeeYouAll event management event app,","Acabo de descargar SeeYouAll evento aplicación de gestión de eventos"
713,"<html><body>Check out <a href=\""seeYouAllApp://\"">SeeYouAll App</a> for sharing events.</body></html>","<html><body>Compruebe ou <a href=\""seeYouAllApp://\"">SeeYouAll solicitud</a> para eventos de intercambio.</body></html>"
714,"Check out SeeYouAll App for sharing events.","Echa un vistazo a SeeYouAll App para eventos de intercambio."
715,"Changing your number will migrate your account info, Event and Settings.\n\nBefore proceeding, please confirm that you are able to receive SMS or calls at your new number.\n\nIn order to change a phone number using a new device, first introduce the new SIM in the new device, then in the old device follow the change number procedure, validate the new phone number, install the app in the new device, open it and verify the new phone number in this new device.","Al cambiar el número, se migrarán la información de cuenta, el evento y la configuración.\n\nAntes de la transformación, confirme por favor que usted es capaz de recibir SMS o llamadas a su número nuevo.\n\nSi tienes un teléfono nuevo y un número nuevo, cambia primero el numero en tu teléfono anterior. your old phone."
716,"Please enter your Current country code and phone number.","Por favor, introduzca el código de país y número de teléfono actual."
717,"Please enter your new country code and phone number.","Por favor, introduzca el código de país y número de teléfono de Nueva."
718,"current phone number","Número de teléfono actual"
719,"Group","El grupo"
720,"updated Successfully.","se ha actualizado correctamente."
721,"created Successfully.","se ha creado correctamente."
722,"new phone number","Nuevo número de teléfono"
723,"Done","Listo"
724,"Country","País"
725,"Number has been changed successfully.","Número se ha cambiado correctamente."
726,"No Network Connection","Sin conexión de red"
727,"IN DEVELOPMENT!!!","EN DESARROLLO!!!"
728,"Are you sure you want change the admin of this event?","¿Seguro que quieres cambiar el admin de este evento"
729,"Please configure email account in device 'Settings'.","Por favor, configure la cuenta de correo electrónico en el dispositivo 'Ajustes'."
730,"Profile updated successfully","Perfil actualizado correctamente"
731,"Success!","éxito!"
732,"This app requires access to your contacts to function properly. Please visit to the \""Privacy\"" section in the iPhone Settings app.","Esta aplicación requiere acceso a sus contactos para que funcione correctamente. Por favor, visite la sección \""Privacidad\"" en la aplicación de configuración de iPhone."
733,"Verification code has\nbeen sent to","Se ha enviado un código\n de verificación a"
734,"Please provide verification token.\n","Proporcione clave de verificación.\n"
735,"Event is cancelled.","Evento fue cancelado."
736,"Admin has currently disabled the chat.","Admin ha deshabilitado la actualidad el chat."
737,"Admin: ","Admin: "
738,"Support Info","Información de soporte"
739,"Model:","Modelo:"
740,"Version:","Versión:"
741,"App Version:","Aplicación Versión:"
742,"Please select a Font size","Por favor, seleccione un tamaÃ±o de fuente"
743,"Take Photo/Video","Hacer foto o grabar vídeo"
744,"Existing Photo/Video","Carrete"
745,"Participant:","Los participante:"
746,"Select Participants...","seleccionar a los participantes..."
747,"Remove Photo","Sacar fotos"
748,"Start","Inicio"
749,"hr","hr"
750,"End","Fin"
751,"No fixed time","No se ha fijado fecha / hora"
752,"No Suggestions","No hay Sugerencias"
753,"Created by Admin","Creado por Admin"
754,"Suggested by You","Sugerida por ti"
755,"A","A"
756,"Error loading file!","Error loading file!"
757,"Congrats!! Invites were sent!!\nYou can also tell your guests about the\nevent via other apps!!","FELICIDADES!! Las invitaciones han sido envidas!! Selecciona cualquiera de tus invitados para informarles sobre el evento a traves de otras APPs"
758,"day","día"
759,"Congrats!! Invites were sent!! Click on any guests to share the invite via other apps!!","FELICIDADES!! Las invitaciones han sido envidas!! Selecciona cualquiera de tus invitados para informarles sobre el evento a traves de otras APPs"
760,"The Person","La persona"
761,"with phone number","con el número de teléfono"
762,"has invited you to the event","te ha invitado al evento"
763,"Download here the SeeYouAll app to reply your friend if you are going:","Descargue aquí la aplicación SeeYouAll para responder a su amigo si usted va:"
764,"Loading...","Cargando..."
765,"This app does not have access to your photos or videos. You can enable access in Privacy Settings.","Esta aplicación no tiene acceso a sus fotos o videos. Puede habilitar el acceso en la configuración de privacidad."
766,"Access Denied","Acceso denegado"
767,"Album Error:","Error Album:"
768,"Error","Error"
769,"Select an Album","Seleccionar un álbum"
770,"Pick Photo","Escoge fotos"
771,"Pick Photos","Elija Fotos"
772,"Only","Sólo"
773,"Remove","Retirar"
774,"photos please!","fotos por favor!"
775,"You can only send","Sólo puede enviar"
776,"photos at a time.","fotos a la vez."
777,"video at a time.","video a la vez."
778,"Starts","Inicio"
779,"Ends","Fin"
780,"Choose Default Icon","Escoger defecto Icono"
781,"per person","por persona"
782,"Number of guests","Número de invitados"
783,"Event you are viewing has been deleted.","Evento que está viendo ha sido borrado."
784,"No SeeYouAll Invitee","No SeeYouAll Invitado"
785,"Enter Location","Introduce ubicación"
786,"Fetching location...","ubicación Fetching..."
787,"Last Date of Confirmation","Última fecha de la Confirmación"
788,"Last date of confirmation: ","Fecha límite de confirmación: "
789,"Block seats for your guests (optional)","Asientos bloqueados para tus invitados (opcional)"
790,"Dresscode (optional)","Dresscode (opcional)"
791,"Start Date (optional)","Fecha de inicio (opcional)"
792,"End Date (optional)","Fecha de finalización (opcional)"
793," Reset Event Date and Time","Restablecer fecha y hora del evento"
794,"Deadline to confirm","Fecha límite para confirmar"
795,"Confirm by:","confirme:"
796,"Select Option","Seleccionar opción"
797,"Send as calender","Enviar como calendario"
798,"Are you sure you want to leave event","¿Seguro que quieres dejar evento"
799,"You do not have internet connection","Usted no tiene conexión a Internet"
800,"not going","No asitiré"
801,"Error performing this action.","Error de realizar esta acción."
802,"Are you sure you want to clear statistics?","¿Seguro que desea borrar las estadísticas"
803,", Audio",", Audio"
804,", Video",", Vídeo"
805,"0 Adult","0 adulto"
806,"0 Child","0 niño"
807,"I have just invited you to a SeeYouAll event called","Acabo de invitarte a un evento SeeYouAll llamado"
808,"download here the SeeYouAll app and join us!","descargate aqui la app y unete!"
809,"© 2016 SeeYouAll\nAll rights reserved.","© 2016 SeeYouAll\nReservados todos los derechos."
810,"ex: Ana's Birthday","ej: Cumpleaños de Ana"
811,"DressCode(optional)","Código de vestimenta"
812,"Change Event Icon\n","Cambiar icono Evento\n"
813,"Add Event Icon\n","Añadir Icono Evento\n"
814,"End date can't be before current time\n","La fecha de finalización no puede ser antes de la hora actual\n"
815,"End time can't be before current time\n","La Hora de Finalización no puede ser anterior a la actual\n"
816,"for rsvp","not found"
817,"Please enter a Title for the event.\n","Por favor, introduzca un título para el evento.\n"
818,"Please fill start date/time as last date of confirmation is not blank.","Por favor, complete la fecha/hora de inicio como última fecha de confirmación no es en blanco."
819,"Invitees must at least have 24 hours to confirm.","Los invitados deben tener al menos 24 horas para confirmar."
820,"Reserved seats can not be more than max seats","Asientos reservados no pueden ser más que asientos max"
821,"Dismiss","Descartar"
822,"Take a new photo","Tomar una nueva foto"
823,"Choose from existing","Escoger entre existente"
824,"Existing icon","icono existente"
825,"Search...","Buscar..."
826,"No contacts yet","No hay contactos todavía"
827,"You haven't created any group yet. Create your own groups by using create group button.","No ha creado ningún grupo todavía. Crea tus propios grupos utilizando botón Crear grupo."
828,"You haven't created any group yet.","No ha creado ningún grupo aún"
829,"Create your own groups\n","Crea tus propios grupos\n\n"
830,"You haven't created any group yet. Create \n your own groups by using create group \n button.","Crea tus propios grupos \n No ha creado ningún grupo todavía. Crea tus propios grupos utilizando botón Crear grupo."
831,"Invalid country","país no válido"
832,"Please fill country code.\n","Por favor, complete el código de país.\n"
833,"Please provide a valid phone number.\n","Por favor provea un número de teléfono válido.\n"
834,"Please Enter Phone Number\n","Por favor, introducir número de teléfono\n"
835,"Current Phone Number is invalid\n","El número de telefono no corresponde con el actual\n"
836,"New phone number is not a valid phone number\n","Un nuevo número de teléfono no es un teléfono válido número\n"
837,"Number is not valid for this country code.\n","El número no es válido para este código de país.\n"
838,"Code sent successfully.","Código envió con éxito."
839,"Event you are editing has been deleted.","Evento que se está editando ha sido borrado."
840,"No upcoming events","No hay próximos eventos"
841,"Are you sure you want to delete event","¿Seguro que quieres borrar evento"
842,"Take Photo","Tomar foto"
843,"Existing Photo","Foto existente"
844,"Search for a map location","Búsqueda de un mapa de localización"
845,"> Share your events with friends","> Comparte tus eventos con tus amigos"
846,"> Customize your experience","> Personaliza tu experiencia"
847,"> Customize your experience","> Personaliza tu experiencia"
848,"> SeeYouAll will never post on Facebook","> SeeYouAll nunca publicará  en Facebook"
849," without your permission.","sin tu permiso."
850,"Personalize your experience","> Personaliza tu experiencia"
851,"Import Profile from Facebook","Importar perfil de Facebook"
852,"No Thanks","No, gracias"
853,"person","persona"
854,"No, Thanks Continue","not found"
855,"Validate phone number","Validar número de teléfono"
856,"Authenticate","Continuar"
857,"By clicking on OK, you agree to the #<ts>Terms of Use# and# you acknowledge you have read the #<pp>Privacy Policy#","Al hacer clic en Aceptar, aceptas los #<ts>términos de uso# y confirmas haber leído la #<pp>política de privacidad#."
858,"By clicking on OK, you agree to the #<ts>Terms of Use# and you# acknowledge you have read the #<pp>Privacy Policy#","Al hacer clic en Aceptar, aceptas los #<ts>términos de uso# y confirmas haber leído la #<pp>política de privacidad#."
859,"By clicking on OK, you agree to the #<ts>Terms of Use# and you acknowledge you have read the #<pp>Privacy Policy#","Al hacer clic en Aceptar, aceptas los #<ts>términos de uso# y confirmas haber leído la #<pp>política de privacidad#."
860,"By clicking on OK, you agree to the #<ts>Terms of Use# and# you# acknowledge# you have read the #<pp>Privacy Policy#","Al hacer clic en Aceptar, aceptas los #<ts>términos de uso# y confirmas haber leído la #<pp>política de privacidad#."
861,"Please fill the country code.\n","Rellene el código del país.\n"
862,"Wifi","Wifi"
863,"Mobile data","Datos móviles"
864,"Connect with Facebook","Conectar con Facebook"
865,"My Profile","Mi perfil"
866,"Change Picture\n","Cambiar imagen\n"
867,"Change profile pic\n","Cambiar foto de perfil\n"
868,"Add Picture\n","Agregar imagen\n"
869,"Add profile pic\n","Añadir foto de perfil\n"
870,"You can't access the paid event now. Please wait for the updated version.","No se puede acceder al evento pague ahora . Por favor, espere a que la versión actualizada ."
871,"Contact saved","Contacto guardados"
872,"No content to save, contact discarded","No hay contenido para guardar , descartó contactos"
873,"Confirm in","confirmar en"
874,"Please enter valid email address.\n","Por favor, ingrese un correo electrónico válido.\n"
875,"Please enter a valid name.\n","Por favor ingrese un nombre valido.\n"
876,"You are not connected to internet.\n","Usted no está conectado a Internet.\n"
877,"Request time out.\n","Agotado el tiempo de espera.\n"
878,"Secure connection failed.\n","Conexión Segura Fallida.\n"
879,"Manage","Gestionar"
880,"Organize your hangouts, parties, \n matches and events. Fast & easy!","Organiza tus quedadas, fiestas, partidos\ny eventos fácil y rápidamente."
881,"No fuss","Sin líos"
882,"Always up to date","Siempre a la última"
883,"All your plans in one place. Every \n detail always updated.","Todos tus planes en un solo lugar y todos los detalles actualizados al momento."
884,"Find out who's coming, chat with \n other guests and share photos after \n the hangout.","Entérate de quién va, chatea con el resto de invitados y comparte las fotos de la quedada."
885,"quickly and efficiently\n your social life","tu vida social\nde forma rápida y eficiente"
886,"In One place you'll\norganize events and find\nall your plans","Organiza eventos y consulta\ntodos tus planes\nen un solo lugar"
887,"Create chats for each\n plan, updated events\nshare photo","Crea chats para cada\nplan, actualiza eventos\ny comparte fotos"
888,"Create chats for each plan, updated events share photo\"" for Create chats for each plan, update events and share pictures","Crear chats para cada plan , eventos actualizados comparten fotos\"" para Crear chats para cada plan, eventos actualizar y compartir fotos"
889,"Sum of Adult and Child count can't be more than","Suma de Adultos y recuento niño no puede contener más de"
890,"Maximum capacity can not be more than","Número máximo no puede contener más de"
891,"Please join us","Por favor únete a nosotros"
892,"Event Title","Nombre del Evento"
893,"Event Description","Descripción del evento"
894,"Event Start Time","Evento Hora de inicio"
895,"Event End Time","Fin del evento Hora"
896,"Event Location","Lugar del evento"
897,"Special character are not allowed in title","Los caracteres especiales no están permitidos en el título"
898,"years","años"
899,"year","Año"
900,"days","días"
901,"day","día"
902,"In","En"
903,"Event","Evento"
904,"will start in","comenzará en"
905,"hour","horas"
906,"hours","horas"
907,"Alerts","Alertas"
908,"Can only input 1 to 72 hs!","Valores válidos son entre 1 y 72h!"
909,"Organizing my hangouts with SeeYouAll","Preparando mis quedadas con SeeYouAll"
910,"min","min"
911,"(check your availability)","(comprueba tu disponibilidad)"
912,"Calendar","Calendario"
913,"Maximum Capacity","Capacidad máxima"
914,"Dresscode","Código de Vestimenta"
915,"OR","O"
916,"Enter key will send your message","Introduzca llave enviará su mensaje"
917,"Shows events you didn't attend","Muestra eventos que no asististe"
918,"Share Location","Ubicación"
919,"Select Participants","seleccionar a los participantes"
920,"You have been added","Se le ha añadido"
921,"You have left","Te has ido"
922,"You have been removed","Usted ha sido eliminado"
923,"Clear","Claro"
924,"Guest count can not be added without RSVP","Recuento de visitantes no se puede añadir sin RSVP de"
925,"Fill Start Date/Time first","Rellene Fecha de Inicio/Hora primero"
926,"Last Date to Confirm can't be selected","Última fecha para confirmar que no se pueden seleccionar"
927,"Last date to confirm can't be less than 1 hr before start date.\n","Última fecha a confimar debe ser al menos 1h antes de la fecha de comienzo.\n"
928,"Please add contact number.","Por favor, añadir un número de contacto."
929,"Event description suggestion has been locked.","La decripcion del evento ha sido fijada."
930,"Event time suggestion has been locked.","La hora del evento ha sido fijada."
931,"Event location suggestion has been locked.","El lugar del evento ha sido fijado."
932,"Event is cancelled.","Evento fue cancelado."
933,"is cancelled.","se cancela."
934,"Event Cancelled","El evento ha sido Cancelado"
935,"Please choose an option","Por favor seleccione una opción"
936,"Event image has been changed","Se ha cambiado la imagen del evento"
937,"Event title has been updated to","Se ha actualizado el título del evento a"
938,"Event admin changed to","Se ha cambiado el administrador del evento a"
939,"Event admin has been changed","El administrador del evento ha cambiado"
940,"Event start date changed to","Se ha cambiado la fecha de inicio del evento a"
941,"Event end date changed to","Se ha cambiado la fecha de finalización del evento a"
942,"Event start time changed to","Se ha cambiado la hora de inicio del evento a"
943,"Event end time changed to","Se ha cambiado la hora de finalización del evento a"
944,"Event last date to confirm changed to","Se ha cambiado el última fecha para confirmar a"
945,"Bringing guests is enabled","La opción Traer acompañantes está habilitada"
946,"Bringing guest is disabled","Bringing guest is disabled"
947,"Event description has been updated","La descripción del evento ha sido actualizada"
948,"RSVP for kids or adults is enabled","La opción Confirmación de asistencia para niños está habilitada"
949,"RSVP for kids or adults is disabled","La opción Confirmación de asistencia para niños no está habilitada"
950,"Event rsvp limit set to enabled","Límite de confirmación de asistencia al evento habilitado"
951,"Event rsvp limit set to disabled","Límite de confirmación de asistencia al evento no habilitado"
952,"Event maximum capacity limit set to","Límite de capacidad máxima del evento establecido en"
953,"Event dress code changed to","Se ha cambiado el código de vestimenta a"
954,"Event cost decided as","El precio del evento es"
955,"Voting is enabled","Votar habilitada"
956,"Voting is disabled","La opción Votar no está habilitada"
957,"Description suggestion is enabled","La opción Sugerencia de descripción está habilitada"
958,"Description suggestion is disabled","La opción Sugerencia de descripción no está habilitada"
959,"Location suggestion is enabled","La opción Sugerencia de lugar está habilitada"
960,"Location suggestion is disabled","La opción Sugerencia de lugar no está habilitada"
961,"Time & date suggestion is enabled","La opción Sugerencia de fecha y hora está habilitada"
962,"Time & date suggestion is disabled","La opción Sugerencia de fecha y hora no está habilitada"
963,"Chatting is disabled","La opción Chat no está habilitada"
964,"Chatting is enabled","La opción Chat  está habilitada"
965,"Event location has been updated","Lugar del evento se ha actualizado"
966,"Event location has been changed to","El lugar del evento se ha actualizado a"
967,"Guest list hide by admin","Lista de invitados oculta por el administrador"
968,"Guest list shown by admin","Lista de invitados mostrada por el administrador"
969,"The guest list is disabled by the administrator","La lista de invitados esta deshabilitada por el administrador"
970,"Event time has been updated","La hora del evento ha sido actualizada"
971,"Event all day enabled","La hora del evento ha sido actualizada. Todo el dia."
972,"Event all day disabled","La hora del evento ha sido actualizada. No todo el dia."
973,"You are going","Tú asistirás"
974,"You may be going","Tú tal vez asistas"
975,"You are not going","Tu no vas a ir"
976,"is going","asistirá"
977,"may be going","tal vez asista"
978,"is not going","no asistirá"
979,"You are going with","Tú asistirás con"
980,"Event description has been updated.","La descripción del evento ha sido actualizada."
981,"About suggestion has been deleted.","Sobre la sugerencia ha sido borrado."
982,"Description suggestion has been added.","Sobre la sugerencia se ha añadido."
983,"Event location has been updated.","El lugar del evento ha sido actualizado."
984,"Location suggestion has been deleted.","Localización sugerencia ha sido borrado."
985,"Location suggestion has been added.","Localización sugerencia se ha añadido."
986,"Event time has been updated.","Hora del evento se ha actualizado."
987,"Time suggestion has been deleted.","Sugerencia El tiempo ha sido borrado."
988,"Time suggestion has been added.","Sugerencia Tiempo se ha añadido."
989,"Add Contacts to Group","Agregar contactos al grupo"
990,"Chat Settings","Configuración de chat"
991,"Past event settings","Configuración de evento anteriores"
992,"Adult","Adulto"
993,"Kid","Niños"
994,"A movie? Some beers? A match?\n Organize your own event and meet with your friends in two clicks.","¿Una peli? ¿Unas cañas? ¿Un partido?\nOrganiza tu propio plan y queda con tus amigos en dos clicks."
995,"Upload More","Añadir Más"
996,"No Media Shared","No hay medios compartidos."
997,"minute","momento"
998,"minutes","minutos"
999,"RSVP Deadline is about to pass!","Fecha a corfirmar va a expirar!"
1000,"Event","sugerencia de"
1001,"has been added","ha sido añadido"
1002,"has been left","se ha dejado"
1003,"has been removed","ha sido removido"
1004,"Time should be after current time\n","La hora debe ser posterior a la actual\n"
1005,"Jamaica","Jamaica"
1006,"Saint Kitts & Nevis","San Cristóbal y Nieves"
1007,"Trinidad & Tobago","Trinidad & Tobago"
1008,"Saint Vincent & the Grenadines","San Vicente y las Granadinas"
1009,"Dominica","Dominica"
1010,"Saint Lucia","Santa Lucía"
1011,"Sint Maarten","San Martín"
1012,"American Samoa","Samoa Americana"
1013,"Guam","Guam"
1014,"Northern Mariana Islands","Islas Marianas del Norte"
1015,"Montserrat","Montserrat"
1016,"Turks & Caicos Islands","Islas Turcas y Caicos"
1017,"Grenada","Granada"
1018,"Bermuda","Bermudas"
1019,"Cayman Islands","Islas Caimán"
1020,"US Virgin Islands","Islas Vírgenes de los Estados Unidos"
1021,"British Virgin Islands","Islas Vírgenes Británicas"
1022,"Antigua & Barbuda","Antigua y Barbuda"
1023,"Anguilla","Anguila"
1024,"Barbados","Barbados"
1025,"Bahamas","Bahamas"
1026,"Uzbekistan","Uzbekistan"
1027,"Kyrgyzstan","Kyrgyzstan"
1028,"Georgia","Georgia"
1029,"Azerbaijan","Azerbaijan"
1030,"Turkmenistan","Turkmenistan"
1031,"Tajikistan","Tajikistan"
1032,"Nepal","Nepal"
1033,"Mongolia","Mongolia"
1034,"Bhutan","Bhutan"
1035,"Qatar","Qatar"
1036,"Bahrain","Bahrain"
1037,"Israel","Israel"
1038,"United Arab Emirates","Emiratos Ãrabes Unidos"
1039,"Palestine","Palestina"
1040,"Oman","Oman"
1041,"Yemen","Yemen"
1042,"Saudi Arabia","Arabia Saudita"
1043,"Kuwait","Kuwait"
1044,"Iraq","Iraq"
1045,"Syrian Arab Republic","Siria"
1046,"Jordan","Jordania"
1047,"Lebanon","Líbano"
1048,"Maldives","Maldivas"
1049,"Taiwan","Taiwan"
1050,"Bangladesh","Bangladesh"
1051,"Laos","Laos"
1052,"Cambodia","Cambodia"
1053,"Macau","Macau"
1054,"Hong Kong","Hong Kong"
1055,"North Korea","Corea del Norte"
1056,"Marshall Islands","Islas Marshall"
1057,"Micronesia","Micronesia"
1058,"Tokelau","Tokelau"
1059,"French Polynesia","Polinesia Francesa"
1060,"Tuvalu","Tuvalu"
1061,"New Caledonia","Nueva Caledonia"
1062,"Kiribati","Kiribati"
1063,"Samoa","Samoa"
1064,"Niue","Niue"
1065,"Cook Islands","Islas Cook"
1066,"Wallis & Futuna","Wallis & Futuna"
1067,"Palau","Palau"
1068,"Fiji","Fiji"
1069,"Vanuatu","Vanuatu"
1070,"Solomon Islands","Islas Salomón"
1071,"Tonga","Tonga"
1072,"Papua New Guinea","Papúa Nueva Guinea"
1073,"Nauru","Nauru"
1074,"Brunei Darussalam","Brunéi"
1075,"Norfolk Island","Isla Norfolk"
1076,"Timor-Leste","Timor Oriental"
1077,"Bonaire, Sint Eustatius & Saba","Bonaire, Sint Eustatius & Saba"
1078,"Curaçao","Curazao"
1079,"Uruguay","Uruguay"
1080,"Suriname","Surinam"
1081,"Martinique","Martinica"
1082,"Paraguay","Paraguay"
1083,"French Guiana","Guayana Francesa"
1084,"Ecuador","Ecuador"
1085,"Guyana","Guyana"
1086,"Bolivia","Bolivia"
1087,"Guadeloupe","Guadalupe"
1088,"Haiti","Haiti"
1089,"Saint Pierre & Miquelon","San Pedro y Miquelón"
1090,"Panama","Panama"
1091,"Costa Rica","Costa Rica"
1092,"Nicaragua","Nicaragua"
1093,"Honduras","Honduras"
1094,"El Salvador","El Salvador"
1095,"Guatemala","Guatemala"
1096,"Belize","Belice"
1097,"Falkland Islands","Islas Malvinas"
1098,"Liechtenstein","Liechtenstein"
1099,"Slovakia","Eslovaquia"
1100,"Czech Republic","Republica Checa"
1101,"Macedonia","Macedonia"
1102,"Bosnia & Herzegovina","Bosnia & Herzegovina"
1103,"Slovenia","Eslovenia"
1104,"Croatia","Croacia"
1105,"Montenegro","Montenegro"
1106,"Serbia","Serbia"
1107,"Ukraine","Ucrania"
1108,"San Marino","San Marino"
1109,"Monaco","Monaco"
1110,"Andorra","Andorra"
1111,"Belarus","Belarus"
1112,"Armenia","Armenia"
1113,"Moldova","Moldova"
1114,"Estonia","Estonia"
1115,"Latvia","Letonia"
1116,"Lithuania","Lituania"
1117,"Bulgaria","Bulgaria"
1118,"Finland","Finlandia"
1119,"Cyprus","Chipre"
1120,"Malta","Malta"
1121,"Albania","Albania"
1122,"Iceland","Islandia"
1123,"Ireland","Irlanda"
1124,"Luxembourg","Luxemburgo"
1125,"Portugal","Portugal"
1126,"Gibraltar","Gibraltar"
1127,"Greenland","Groenlandia"
1128,"Faroe Islands","Islas Feroe"
1129,"Aruba","Aruba"
1130,"Eritrea","Eritrea"
1131,"Saint Helena","Santa Helena"
1132,"Comoros","Comoras"
1133,"Swaziland","Suazilandia"
1134,"Botswana","Botsuana"
1135,"Lesotho","Lesoto"
1136,"Malawi","Malawi"
1137,"Namibia","Namibia"
1138,"Zimbabwe","Zimbabwe"
1139,"RÃ©union","Réunion"
1140,"Madagascar","Madagascar"
1141,"Zambia","Zambia"
1142,"Mozambique","Mozambique"
1143,"Burundi","Burundi"
1144,"Uganda","Uganda"
1145,"Tanzania","Tanzania"
1146,"Kenya","Kenya"
1147,"Djibouti","Djibouti"
1148,"Somalia","Somalia"
1149,"Ethiopia","Ethiopia"
1150,"Rwanda","Rwanda"
1151,"Sudan","Sudan"
1152,"Seychelles","Seychelles"
1153,"Saint Helena","Santa Helena"
1154,"Diego Garcia","Diego Garcia"
1155,"Guinea-Bissau","Guinea-Bisáu"
1156,"Angola","Angola"
1157,"Congo (Dem. Rep.)","Congo (Dem. Rep.)"
1158,"Congo (Rep.)","Congo (Rep.)"
1159,"Gabon","Gabón"
1160,"Equatorial Guinea","Guinea Ecuatorial"
1161,"SÃ£o TomÃ© & PrÃ­ncipe","Santo Tomé y Príncipe"
1162,"Cape Verde","Cabo Verde"
1163,"Cameroon","Camerún"
1164,"Central African Rep.","República Centroafricana"
1165,"Chad","Chad"
1166,"Nigeria","Nigeria"
1167,"Ghana","Ghana"
1168,"Sierra Leone","Sierra Leona"
1169,"Liberia","Liberia"
1170,"Benin","Mauricio"
1171,"Benin","Benín"
1172,"Togo","Togo"
1173,"Niger","Nigeria"
1174,"Burkina Faso","Burkina Faso"
1175,"CÃ´te d`Ivoire","Côte d`Ivoire"
1176,"Guinea","Guinea"
1177,"Mali","Mali"
1178,"Mauritania","Mauritania"
1179,"Senegal","Senegal"
1180,"Gambia","Gambia"
1181,"Libya","Libia"
1182,"Tunisia","Túnez"
1183,"Algeria","Algeria"
1184,"Morocco","Marruecos"
1185,"South Sudan","Sudán del Sur"
1186,"Iran","Irán"
1187,"Myanmar","Birmania"
1188,"Sri Lanka","Sri Lanka"
1189,"Afghanistan","Afghanistan"
1190,"Pakistan","Pakistan"
1191,"India","India"
1192,"Turkey","Turkia"
1193,"China","China"
1194,"Vietnam","Vietnam"
1195,"South Korea","Corea del Sur"
1196,"Japan","Japon"
1197,"Thailand","Thailandia"
1198,"Singapore","Singapur"
1199,"New Zealand","Nueva Zelanda"
1200,"Philippines","Philipinas"
1201,"Indonesia","Indonesia"
1202,"Australia","Australia"
1203,"Malaysia","Malaysia"
1204,"Venezuela","Venezuela"
1205,"Colombia","Colombia"
1206,"Chile","Chile"
1207,"Brazil","Brasil"
1208,"Argentina","Argentina"
1209,"Cuba","Cuba"
1210,"Mexico","Mexico"
1211,"Peru","Peru"
1212,"Germany","Alemania"
1213,"Poland","Polonia"
1214,"Norway","Noruega"
1215,"Sweden","Suecia"
1216,"Denmark","Dinamarca"
1217,"United Kingdom","Reino Unido"
1218,"Austria","Austria"
1219,"Y-land","Y-land"
1220,"Switzerland","Suiza"
1221,"Romania","Rumania"
1222,"Italy","Italia"
1223,"Hungary","Hungria"
1224,"Spain","España"
1225,"France","Francia"
1226,"Belgium","Belgia"
1227,"Netherlands","Países Bajos"
1228,"Greece","Grecia"
1229,"South Africa","Sudáfrica"
1230,"Egypt","Egipto"
1231,"Kazakhstan","Kazakhstan"
1232,"Russian Federation","Rusia"
1233,"Puerto Rico","Puerto Rico"
1234,"Dominican Rep.","Republica Dominicana"
1235,"Canada","Canada"
1236,"USA","Estados Unidos"
1237,"You are invited to","Tu estas invitado a"
1238,"was added","%@: se añadió %@"
1239,"left","dejó"
1240,"was removed","se eliminó"
1241,"New chat message received","Nuevo mensaje de chat recibido"
1242,"has shared a media","ha compartido un medio de comunicación"
1243,"sent a video","enviado un vídeo"
1244,"sent a picture","enviado una cuadro"
1245,"sent a audio","enviado un audio"
1246,"has shared a location","ha compartido una ubicación"
1247,"has shared a contact","ha compartido un contacto"
1248,"is updated","se actualiza"
1249,"is deleted","fue eliminado"
1250,"is cancelled","fue cancelado"
1251,"is going","asistira"
1252,"is not going","no asistirá"
1253,"may be going","Tal vez asista"
1254,"Location suggestion enabled","La opción Sugerencia de lugar está habilitadad"
1255,"Location suggestion disabled","La opción Sugerencia de lugar no está habilitada"
1256,"Time & Date suggestion enabled","La opción Sugerencia de fecha y hora está habilitada"
1257,"Time & Date suggestion disabled","La opción Sugerencia de fecha y hora no está habilitada"
1258,"Description suggestion enabled","La opción Sugerencia de descripción está habilitada"
1259,"Description suggestion disabled","La opción Sugerencia de descripción no está habilitada"
1260,"Event description suggestion has been locked.","La decripcion del evento ha sido fijada."
1261,"Event location suggestion has been locked.","El lugar del evento ha sido fijado."
1262,"Event Time suggestion has been locked.","La hora del evento ha sido fijada."
1263,"All RSVPs were reset","Se resetean todos RSVPs"
1264,"is going with","va con"
1265,"may be going with","puede estar pasando con"
1266,"not going","no se va"
1267,"Event description has been updated","Descripción del evento ha sido actualizado"
1268,"Event time has been updated","La hora del evento ha sido actualizada"
1269,"Event location has been updated","El lugar del evento ha sido actualizado"
1270,"New description suggested","Nueva descripción para el evento ha sido sugerida"
1271,"New date and time suggested","Nueva fecha y hora para el evento han sido sugeridos"
1272,"New location suggested","Nuevo lugar para el evento ha sido sugerido"
1273,"To get a personalized experience. It only takes a moment.","Para que podamos personalizar tu experiencia. Sólo te llevara un momento"
1274,"Fill out your profile","Completa tu perfil"
1275,"Organize my hangouts with SeeYouAll","Preparando mis quedadas con SeeYouAll"
1276,"No upcoming events!","¡Parece que no hay eventos próximos!"
1277,"Have a plan? Either way!! Create a SeeYouAll event and get together in a blast!!!","¿Tienes un plan? Si o no da igual!! Crea un evento SeeYouAll y junstaros en un \""plas\""!!!"
1278,"Join me at this","¡Vente a este Evento"
1279,"SeeYouAll Event!","SeeYouAll conmigo!"
1280,"Sorry, this media file doesn't exist in your device.","Lo sentimos , este medio no existe en el dispositivo."
1281,"File size is too big!! Please choose a file smaller than 10 MB","El tamaño del archivo es muy grande !! Por favor, selecciona uno menor de 10 MB"
1282,"Guest list hidden by admin","Lista de invitados escondido por admin"
1283,"Media has been shared successfully with SeeYouAll app.","Media ha sido compartida con éxito con aplicación SeeYouAll."
1284,"Text has been shared successfully with SeeYouAll app.","El texto ha sido compartida con éxito con aplicación SeeYouAll."
1285,"Guest list was updated","Lista de invitados fue actualizada"
1286,"you maybe going","Tú tal vez asistas"
1287,"maybe going","Tal vez asista"
1288,"Please select different status then previous one","Por favor selecciona un estado diferente al actual"
1289,"phone number not matched","numero de telefono no corresponde con el actual"
1290,"wait for event to sync","espere a que se sincronice la votacion"
1291,"You are in waiting.","Usted está en espera."
1292,"Profile imported successfully.","Perfil importado correctamente."
1293,"Go to SeeYouAll App","Ir SeeYouAll aplicación"
1294,"New Guests Invited:","INVITADO"
1295,"Could not access the calendar because permission was not granted.","No se pudo acceder a la agenda , porque no se le concedió el permiso."
1296,"You have selected","Has selecionado"
1297,"Network Connection is required!","Se necesita conexión a la red!"
1298,"Day View","vista del día"
1299,"Fails!! Please try another option!","¡Error! ¡Por favor prueba otra opción!"
1300,"updatedd","bloqueo"
1301,"adult(s) and","adultos y"
1302,"kid(s)","niños"
1303,"adult(s) and","adultos y"
1304,"kid(s)","niños"
1305,"Event image has been changed","Se ha cambiado la imagen del evento"
1306,"Event title has been updated to ","Se ha actualizado el título del evento a "
1307,"Event admin changed to ","Se ha cambiado el administrador del evento a "
1308,"Event start date changed to ","Se ha cambiado la fecha de inicio del evento a "
1309,"Event end date changed to ","Se ha cambiado la fecha de finalización del evento a "
1310,"Event start time changed to ","Se ha cambiado la hora de inicio del evento a "
1311,"Event end time changed to ","Se ha cambiado la hora de finalización del evento a "
1312,"Event last day to confirm changed to ","Se ha cambiado el último día para confirmar a "
1313,"Bringing guests is enabled","La opción Traer acompañantes está habilitada"
1314,"Bringing guest is disabled","La opción Traer acompañantes no está habilitada"
1315,"Event description has been updated","La descripción del evento ha sido actualizada"
1316,"Event last day to confirm has been updated","Se ha sido actualizada último día para confirmar a  "
1317,"RSVP for kids or adults is enabled","La opción Confirmación de asistencia para niños está habilitada"
1318,"RSVP for kids or adults is disabled","La opción Confirmación de asistencia para niños no está habilitada"
1319,"Event rsvp limit set to enabled","Límite de confirmación de asistencia al evento habilitado"
1320,"Event rsvp limit set to disabled","Límite de confirmación de asistencia al evento no habilitado"
1321,"Event maximum capacity limit set to ","Límite de capacidad máxima del evento establecido en "
1322,"Event dress code changed to ","Se ha cambiado el código de vestimenta a "
1323,"Event cost decided as ","El precio del evento es "
1324,"Voting is enabled","La opción Votar está habilitada"
1325,"Voting is disabled","La opción Votar no está habilitada"
1326,"Description suggestion is enabled","La opción Sugerencia de descripción está habilitada"
1327,"Description suggestion is disabled","La opción Sugerencia de descripción no está habilitada"
1328,"Location suggestion is enabled","La opción Sugerencia de lugar está habilitada"
1329,"Location suggestion is disabled","La opción Sugerencia de lugar no está habilitada"
1330,"Time&date suggestion is enabled","La opción Sugerencia de fecha y hora está habilitada"
1331,"Time&date suggestion is disabled","La opción Sugerencia de fecha y hora no está habilitada"
1332,"Chatting is disabled","La opción Chat está habilitada"
1333,"Chatting is enabled","La opción Chat no está habilitada"
1334,"Event location has been changed to ","El lugar del evento se ha actualizado a "
1335,"Guest list hidden by admin","Lista de invitados oculta por el administrador"
1336,"Guest list shown by admin","Lista de invitados mostrada por el administrador"
1337,"RSVP Deadline is about to pass!","Fecha a corfirmar va a expirar!"
1338,"Rsvp: No changes are allowed now!","Confirmacion de asistencia cerrada!"
1339,"Changes has been discarded","Ultimos cambios han sido descartados"
1340,"Event is about to start","Se ha cambiado la fecha de inicio del evento a "
1341,"You are no longer on the waiting list! Your attendance is now confirmed as Going!","¡Ya no estÃ¡s en la lista de espera! Ahora estÃ¡s confirmado como que AsistirÃ¡s!"
1342,"Event time has been updated","La hora del evento ha sido actualizada"
1343,"Event all day enabled","La hora del evento ha sido actualizada. Todo el dia."
1344,"Event all day disbaled","La hora del evento ha sido actualizada. No todo el dia."
1345,"Event description suggestion has been locked","La decripcion del evento ha sido fijada"
1346,"Event location suggestion has been locked","El lugar del evento ha sido fijado"
1347,"Event time suggestion has been locked","La hora del evento ha sido fijada"
1348,"Event Cancelled","El evento ha sido Cancelado"
1349," has been added"," se añadió al evento"
1350," left"," abandonó el evento"
1351," removed"," eliminado"
1352," are going"," asistirÃ¡s con "
1353," is going"," asistirÃ¡ con "
1354," maybe going"," tal vez asistas"
1355," are not going"," no asistirÃ¡s"
1356," is not going"," no asistirÃ¡"
1357,"Event location has been updated","El lugar del evento ha sido actualizado"
1358," Adults "," Adultos "
1359,"and ","y "
1360," Kids"," Niños"
1361," Adult "," Adultos "
1362," Kid"," Niños"
1363," are going with "," asistirÃ¡s con "
1364," is going with "," asistirÃ¡ con "
1365," event is deleted"," Evento fue eliminado"
1366," events are deleted"," Eventos fueros eliminados"
1367," event is cancelled"," Evento fue cancelado"
1368," events are cancelled"," Eventos fueron cancelados"
1369,"You\'re invited to a new event","Te han invitado a un evento"
1370,"You are invited to","Estas invitado a"
1371," left"," abandonó el evento"
1372," removed"," eliminado"
1373," is going to "," va a "
1374," may go to "," tal vez vaya a "
1375," is not going to "," no va a "
1376," haven\'t responded to "," no han respondido a "
1377," Updates"," Actualizaciones"
1378," new messages"," nuevos mensajes"
1379," new messages from "," nuevos mensajes de "
1380," events"," Eventos fueros eliminados"
1381,"Location","Lugar"
1382,"Contact","Contacto"
1383,"Guest list was updated","Lista de invitados fue actualizada"
1384,"New description suggested","Nueva descripción para el evento ha sido sugerida"
1385,"New location suggested","Nuevo lugar para el evento ha sido sugerido"
1386,"New date and time suggested","Nueva fecha y hora para el evento han sido sugeridos"
1387,"Event admin has been changed","El administrador del evento ha cambiado"
